<?xml version="1.0" encoding="UTF-8"?>
<metadata xml:lang="fr"><Esri><CreaDate>20210609</CreaDate><CreaTime>10071700</CreaTime><ArcGISFormat>1.0</ArcGISFormat><SyncOnce>TRUE</SyncOnce><DataProperties><lineage><Process ToolSource="c:\program files (x86)\arcgis\desktop10.8\ArcToolbox\Toolboxes\Data Management Tools.tbx\CalculateField" Date="20210609" Time="095213">CalculateField ben_adm2_cor adm0Pcod "BJ" VB #</Process><Process ToolSource="c:\program files (x86)\arcgis\desktop10.8\ArcToolbox\Toolboxes\Data Management Tools.tbx\CalculateField" Date="20210609" Time="095220">CalculateField ben_adm2_cor ADM2_NAM_1 [adm2_name] VB #</Process></lineage></DataProperties></Esri></metadata>
